,AvgAcc,Reg1Acc,Reg2Acc,numsub,numvox,TRs,n_clusters,corrstrength,bootstraps,noiselevel,SNR
0,1.0,1.0,1.0,1.0,500.0,800.0,2.0,0.5,0.0,1.0,0.5
0,1.0,1.0,1.0,1.0,500.0,800.0,2.0,0.5,0.0,1.5,0.3333333333333333
0,0.9986509676095692,0.9973019352191382,1.0,1.0,500.0,800.0,2.0,0.5,0.0,2.0,0.25
0,0.5349224019194709,0.9546425596490633,0.11520224418987865,1.0,500.0,800.0,2.0,0.5,0.0,2.5,0.2
